{"cameraMode":{"drawMode":0,"name":"Shaded","section":"Shading Mode"},"sceneLighting":true,"audioPlay":false,"sceneViewState":{"m_AlwaysRefresh":true,"showFog":true,"showSkybox":true,"showFlares":true,"showImageEffects":true,"showParticleSystems":true,"showVisualEffectGraphs":true,"m_FxEnabled":true},"in2DMode":false,"pivot":{"x":-0.41809749603271487,"y":-0.34744322299957278,"z":-0.0244448184967041},"rotation":{"x":-0.0191048476845026,"y":0.9770604968070984,"z":-0.18720890581607819,"w":-0.09970997273921967},"size":2.70739483833313,"orthographic":false}