{"cameraMode":{"drawMode":0,"name":"Shaded","section":"Shading Mode"},"sceneLighting":false,"audioPlay":false,"sceneViewState":{"m_AlwaysRefresh":false,"showFog":true,"showSkybox":true,"showFlares":true,"showImageEffects":true,"showParticleSystems":true,"showVisualEffectGraphs":true,"m_FxEnabled":true},"in2DMode":false,"pivot":{"x":223.16477966308595,"y":99.07927703857422,"z":212.95973205566407},"rotation":{"x":-0.17618732154369355,"y":-0.08702797442674637,"z":0.015639333054423333,"w":-0.9804067015647888},"size":5.081003665924072,"orthographic":false}