{"cameraMode":{"drawMode":0,"name":"Shaded","section":"Shading Mode"},"sceneLighting":false,"audioPlay":false,"sceneViewState":{"showFog":true,"showMaterialUpdate":false,"showSkybox":true,"showFlares":true,"showImageEffects":true,"showParticleSystems":true},"in2DMode":false,"pivot":{"x":1.0644912719726563,"y":1.9087083339691163,"z":-6.017158508300781},"rotation":{"x":-0.11444681882858277,"y":0.5884113311767578,"z":-0.08460672199726105,"w":-0.7959385514259338},"size":8.455520629882813,"orthographic":false}