{"cameraMode":{"drawMode":0,"name":"Shaded","section":"Shading Mode"},"sceneLighting":true,"audioPlay":false,"sceneViewState":{"showFog":true,"showMaterialUpdate":false,"showSkybox":true,"showFlares":true,"showImageEffects":true,"showParticleSystems":true},"in2DMode":false,"pivot":{"x":21.890966415405275,"y":-11.071651458740235,"z":-91.98063659667969},"rotation":{"x":0.2223735898733139,"y":0.29461273550987246,"z":-0.07069363445043564,"w":0.9266990423202515},"size":58.01134490966797,"orthographic":false}