{"cameraMode":{"drawMode":0,"name":"Shaded","section":"Shading Mode"},"sceneLighting":true,"audioPlay":false,"sceneViewState":{"m_AlwaysRefresh":false,"showFog":true,"showSkybox":true,"showFlares":true,"showImageEffects":true,"showParticleSystems":true,"showVisualEffectGraphs":true,"m_FxEnabled":true},"in2DMode":false,"pivot":{"x":-1.4155824184417725,"y":-0.4581500291824341,"z":15.189447402954102},"rotation":{"x":-0.05117340385913849,"y":0.066460520029068,"z":-0.00341310678049922,"w":-0.9964700937271118},"size":11.558143615722657,"orthographic":false}