{"cameraMode":{"drawMode":0,"name":"Shaded","section":"Shading Mode"},"sceneLighting":true,"audioPlay":false,"sceneViewState":{"showFog":false,"showMaterialUpdate":false,"showSkybox":false,"showFlares":false,"showImageEffects":false,"showParticleSystems":false},"in2DMode":false,"pivot":{"x":9.200489044189454,"y":-5.472501754760742,"z":2.110034942626953},"rotation":{"x":-0.20924875140190125,"y":-0.5886005163192749,"z":0.16119597852230073,"w":-0.7640613913536072},"size":11.428206443786621,"orthographic":false}