{"cameraMode":{"drawMode":0,"name":"Shaded","section":"Shading Mode"},"sceneLighting":false,"audioPlay":false,"sceneViewState":{"showFog":true,"showMaterialUpdate":false,"showSkybox":false,"showFlares":true,"showImageEffects":true,"showParticleSystems":true},"in2DMode":false,"pivot":{"x":-0.2499999701976776,"y":0.9375,"z":-0.8125001788139343},"rotation":{"x":0.18417823314666749,"y":0.6939345002174377,"z":-0.19093257188796998,"w":0.6693918704986572},"size":1.2655287981033326,"orthographic":false}