{"cameraMode":{"drawMode":0,"name":"Shaded","section":"Shading Mode"},"sceneLighting":true,"audioPlay":false,"sceneViewState":{"showFog":false,"showMaterialUpdate":false,"showSkybox":false,"showFlares":false,"showImageEffects":false,"showParticleSystems":false},"in2DMode":false,"pivot":{"x":28.49097442626953,"y":88.748046875,"z":64.4273681640625},"rotation":{"x":0.479975163936615,"y":-0.08788666129112244,"z":0.04839658364653587,"w":0.8715358376502991},"size":145.51783752441407,"orthographic":false}